{
    "root_group": {
        "name": "",
        "path": "",
        "id": "d41d8cd98f00b204e9800998ecf8427e",
        "groups": {},
        "checks": {
                "handled registration response": {
                    "name": "handled registration response",
                    "path": "::handled registration response",
                    "id": "8dc350bac0b00a948d78ea721b5e8dd0",
                    "passes": 0,
                    "fails": 6
                },
                "no unexpected server error": {
                    "id": "19cced54caf3b0e5342afd6057478155",
                    "passes": 6,
                    "fails": 0,
                    "name": "no unexpected server error",
                    "path": "::no unexpected server error"
                }
            }
    },
    "metrics": {
        "iterations": {
            "count": 6,
            "rate": 1.4947547188472254
        },
        "registration_handled_response": {
            "passes": 0,
            "fails": 6,
            "thresholds": {
                "rate>0.95": true
            },
            "value": 0
        },
        "http_req_tls_handshaking": {
            "min": 0,
            "med": 0,
            "max": 0,
            "p(90)": 0,
            "p(95)": 0,
            "avg": 0
        },
        "http_req_receiving": {
            "p(90)": 0.7788999999999999,
            "p(95)": 0.8728,
            "avg": 0.3298833333333333,
            "min": 0,
            "med": 0.21075,
            "max": 0.9667
        },
        "http_req_failed": {
            "fails": 0,
            "passes": 6,
            "value": 1
        },
        "data_sent": {
            "count": 5172,
            "rate": 1288.4785676463082
        },
        "iteration_duration": {
            "med": 12.4718,
            "max": 23.0903,
            "p(90)": 20.319049999999997,
            "p(95)": 21.704674999999998,
            "avg": 14.779349999999999,
            "min": 11.2897
        },
        "http_req_connecting": {
            "p(95)": 0.9810000000000001,
            "avg": 0.37368333333333337,
            "min": 0,
            "med": 0.26915,
            "max": 1.1101,
            "p(90)": 0.8519000000000001
        },
        "http_req_sending": {
            "p(95)": 2.9301250000000003,
            "avg": 0.85465,
            "min": 0,
            "med": 0.361,
            "max": 3.6573,
            "p(90)": 2.20295
        },
        "checks": {
            "passes": 6,
            "fails": 6,
            "value": 0.5
        },
        "http_reqs": {
            "count": 6,
            "rate": 1.4947547188472254
        },
        "data_received": {
            "count": 6336,
            "rate": 1578.46098310267
        },
        "http_req_blocked": {
            "avg": 0.9892666666666666,
            "min": 0,
            "med": 0.29685,
            "max": 3.187,
            "p(90)": 2.67095,
            "p(95)": 2.928975
        },
        "vus": {
            "value": 0,
            "min": 0,
            "max": 0
        },
        "http_req_duration": {
            "min": 0.7635,
            "med": 1.5356999999999998,
            "max": 4.7187,
            "p(90)": 3.4789000000000003,
            "p(95)": 4.098800000000001,
            "avg": 2.0117833333333337,
            "thresholds": {
                "p(95)<2000": false
            }
        },
        "registration_unexpected_5xx": {
            "rate": 0,
            "count": 0,
            "thresholds": {
                "count<20": false
            }
        },
        "vus_max": {
            "value": 4,
            "min": 4,
            "max": 4
        },
        "http_req_waiting": {
            "min": 0.5238,
            "med": 0.7252,
            "max": 1.3437,
            "p(90)": 1.20255,
            "p(95)": 1.2731249999999998,
            "avg": 0.8272499999999999
        }
    },
    "setup_data": {
        "tokens": [
            "eyJhbGciOiJSUzI1NiIsInR5cCI6IkpXVCJ9.eyJzdWIiOiJjZmQzMGFlZC1iYTI4LTRkYzQtOGQxZS1iNjljNjUyMDdmM2YiLCJyb2xlcyI6WyJTVFVERU5UIl0sImp0aSI6ImZmMGI1YzczLTg3ZGQtNGQ1Yy1iZWE1LTYxYWNlYzA2ODJiNyIsImlhdCI6MTc3OTAxMTY5OSwiZXhwIjoxNzc5MDEzNDk5LCJpc3MiOiJ1bmlodWItd29ya3Nob3AifQ.LTQlsqN-GvAkgE_m8C__mueLRvnUSC7A0nwwG7Rfog7TH_dWNJMyGMypiiHPVPkXHo8uJtOpXxvf9IY5JMfugFacks8P4NM0m140e8WN1ZRsvfQGT5Q5oRW9sQYKtGvmu8O8_TY6-0srI6ke5HDT5k2SSBiVDMgTGV2x1dsdpLwDdWagDi2U020H3EWno9CQ1jeQd7EIkja_AE-ymoFyQeYtaL2dVMDt7bnQCFuxHsVm9i0s__MnUNDynvPETqMPPWsZeBNqIHG4dKM4wjp4c7f-kMHD4HyAsoV4xYe1odtzJ3NtN6lCOErOaoQbF-blFvFmQtcPbp-8EX3WvozlYQ",
            "eyJhbGciOiJSUzI1NiIsInR5cCI6IkpXVCJ9.eyJzdWIiOiJlOTkyYWY5MS04NjhjLTRkMTQtODE5OC03Yzc1ZmM4MzZjNGQiLCJyb2xlcyI6WyJTVFVERU5UIl0sImp0aSI6ImEwMTI0ZWRmLWI2OGItNDNhMC05NTkxLTYzNzA0MGQ4ZTk3MiIsImlhdCI6MTc3OTAxMTY5OSwiZXhwIjoxNzc5MDEzNDk5LCJpc3MiOiJ1bmlodWItd29ya3Nob3AifQ.ChFUtr7ZihiO-4MuoRPcvPnr5IUB2vAATHZIOs1a_uVSP-7Ewu4XNjl8bRguhX2QDvQoIkgSHkQNPSJ0FPAG9r6IEZArDKi--C3v0cjf2pd1C-d0jKg5tsJev46bqZWQfzFV1I3hwCLq8iZZ3f8kgdQsY7VP9EHRFgo7tvqUQg6dM0zAmPDfiV_fhQk5Jr_pbHWJ29vQqG3TZ_MpOfs8VS5KmkDt9UbbVurLwn7gQILCR1f-filpn8FK3XjAcNmGuhGF3QpcyD01F2MqL5yo2-AQ5ryIQYPmhLcNsL1eAiuctGwC5vf2RNQn9rWBtI_DRysuAPg7B5ovnzXF_lUShQ",
            "eyJhbGciOiJSUzI1NiIsInR5cCI6IkpXVCJ9.eyJzdWIiOiI1Nzk5NDBmYS1jNzk5LTQzZDgtYTQ4NS1kZmEwYjc2MzI5ZWMiLCJyb2xlcyI6WyJTVFVERU5UIl0sImp0aSI6ImZkMDNmMWYwLTdkOTgtNGFkMy04NDEyLWZkZThhMWEzYjMzYSIsImlhdCI6MTc3OTAxMTY5OSwiZXhwIjoxNzc5MDEzNDk5LCJpc3MiOiJ1bmlodWItd29ya3Nob3AifQ.DdMSV5ZJkKCRURWaG6A85rm45mhsQ1-s6DqnCNFvJlBAC0n4vBnClHQwPshT4ruthkwBR0msPMfq9HycuvrcmLV3NR4hCJEO0ZEIZ3UWpnqg-9RsGZCovLztRuS9fa8x7JzBp9HyIV0Lp8qV0PcLuEFJPNBGYey1juwARM_xLGu5JAOvSulW2YOqzFYA0NWWfKiUI1rOIqiilbH3p2Toe9uD8WTiG_IyExNoCkPsbmhpafts9l5GSkICTZJurzx7ROKX8sKe6doKwq3xyKX_PY9oeVwySClcGvXJxSsWHmYSYzBN5f7UMJPzt2gj7Vj7EeQLLfa0Q0SsEkpjDr3MTg"
        ]
    }
}